Workbook

Sheet Course of fire
A1: Shot | B1: Icon | C1: Position | D1: Range (yd) | E1: Range (m) | F1: Target type | H1: Notes
A2: 1 | C2: Prone | D2: 14 | E2: =ROUND(D2*Checks!$B$3,2) | F2: 45 | H2: Blue text = input values (position, range, hit zone size).
A3: 2 | C3: Prone | D3: 15 | E3: =ROUND(D3*Checks!$B$3,2) | F3: 17 | H3: Range (m) is calculated from yards using the factor on the Checks sheet.
A4: 3 | C4: Prone | D4: 30 | E4: =ROUND(D4*Checks!$B$3,2) | F4: 28 | H4: Icon colours: black = unsupported/prone, blue = supported, amber = prone only.
A5: 4 | C5: Prone | D5: 36 | E5: =ROUND(D5*Checks!$B$3,2) | F5: 30 | H5: Source: UKAHFT Rules and Course Setting Guidelines, REV 01.2 (28.05.2020).
A6: 5 | C6: Unsupported standing | D6: 18 | E6: =ROUND(D6*Checks!$B$3,2) | F6: 38 | H6: Prone targets need 10mm minimum faceplate; positional targets 20mm.
A7: 6 | C7: Prone | D7: 26 | E7: =ROUND(D7*Checks!$B$3,2) | F7: 35
A8: 7 | C8: Prone only | D8: 18 | E8: =ROUND(D8*Checks!$B$3,2) | F8: 19
A9: 8 | C9: Prone | D9: 12 | E9: =ROUND(D9*Checks!$B$3,2) | F9: 22
A10: 9 | C10: Supported standing | D10: 22 | E10: =ROUND(D10*Checks!$B$3,2) | F10: 30
A11: 10 | C11: Prone | D11: 42 | E11: =ROUND(D11*Checks!$B$3,2) | F11: 36
A12: 11 | C12: Prone | D12: 16 | E12: =ROUND(D12*Checks!$B$3,2) | F12: 30
A13: 12 | C13: Prone | D13: 25 | E13: =ROUND(D13*Checks!$B$3,2) | F13: 15
A14: 13 | C14: Supported standing | D14: 28 | E14: =ROUND(D14*Checks!$B$3,2) | F14: 40
A15: 14 | C15: Prone | D15: 39 | E15: =ROUND(D15*Checks!$B$3,2) | F15: 34
A16: 15 | C16: Prone | D16: 10 | E16: =ROUND(D16*Checks!$B$3,2) | F16: 40
A17: 16 | C17: Prone only | D17: 38 | E17: =ROUND(D17*Checks!$B$3,2) | F17: 28
A18: 17 | C18: Prone | D18: 24 | E18: =ROUND(D18*Checks!$B$3,2) | F18: 26
... A31: 30 | C31: Prone | D31: 45 | E31: =ROUND(D31*Checks!$B$3,2) | F31: 35

Sheet Checks
A1: Rule compliance checks
A3: Yards to metres factor | B3: 0.9144 | C3: Standard definition: 1 yd = 0.9144 m
A5: Check | B5: Min | C5: Max | D5: Actual | E5: Result
A6: Total shots | B6: 30 | C6: 30 | D6: =COUNTA('Course of fire'!$C$2:$C$31) | E6: =IF(AND(D6>=B6,D6<=C6),"OK","CHECK")
A7: Prone shots (incl. Prone only) | B7: 24 | C7: 24 | D7: =SUMPRODUCT((('Course of fire'!$C$2:$C$31="Prone")+('Course of fire'!$C$2:$C$31="Prone only"))) | E7: =IF(AND(D7>=B7,D7<=C7),"OK","CHECK")
A8: Prone only shots | B8: 3 | C8: 3 | D8: =COUNTIF('Course of fire'!$C$2:$C$31,"Prone only") | E8: =IF(AND(D8>=B8,D8<=C8),"OK","CHECK")
A9: Prone: 15-19mm at 13-25 yd | B9: 4 | C9: 6 | D9: =SUMPRODUCT((('Course of fire'!$C$2:$C$31="Prone")+('Course of fire'!$C$2:$C$31="Prone only"))*('Course of fire'!$F$2:$F$31>=15)*('Course of fire'!$F$2:$F$31<=19)*('Course of fire'!$D$2:$D$31>=13)*('Course of fire'!$D$2:$D$31<=25)) | E9: =IF(AND(D9>=B9,D9<=C9),"OK","CHECK")
A10: Prone: 20-24mm at 8-30 yd | B10: 2 | C10: 3 | D10: =SUMPRODUCT((('Course of fire'!$C$2:$C$31="Prone")+('Course of fire'!$C$2:$C$31="Prone only"))*('Course of fire'!$F$2:$F$31>=20)*('Course of fire'!$F$2:$F$31<=24)*('Course of fire'!$D$2:$D$31>=8)*('Course of fire'!$D$2:$D$31<=30)) | E10: =IF(AND(D10>=B10,D10<=C10),"OK","CHECK")
A11: Prone: 25-34mm at 8-35 yd | B11: 4 | C11: 4 | D11: =SUMPRODUCT((('Course of fire'!$C$2:$C$31="Prone")+('Course of fire'!$C$2:$C$31="Prone only"))*('Course of fire'!$F$2:$F$31>=25)*('Course of fire'!$F$2:$F$31<=34)*('Course of fire'!$D$2:$D$31>=8)*('Course of fire'!$D$2:$D$31<=35)) | E11: =IF(AND(D11>=B11,D11<=C11),"OK","CHECK")
A12: Prone: 25-34mm at 35.01-40 yd | B12: 3 | C12: 4 | D12: =SUMPRODUCT((('Course of fire'!$C$2:$C$31="Prone")+('Course of fire'!$C$2:$C$31="Prone only"))*('Course of fire'!$F$2:$F$31>=25)*('Course of fire'!$F$2:$F$31<=34)*('Course of fire'!$D$2:$D$31>35)*('Course of fire'!$D$2:$D$31<=40)) | E12: =IF(AND(D12>=B12,D12<=C12),"OK","CHECK")
A13: Prone: 35-45mm at 8-45 yd | B13: 0 | C13: 24 | D13: =SUMPRODUCT((('Course of fire'!$C$2:$C$31="Prone")+('Course of fire'!$C$2:$C$31="Prone only"))*('Course of fire'!$F$2:$F$31>=35)*('Course of fire'!$F$2:$F$31<=45)*('Course of fire'!$D$2:$D$31>=8)*('Course of fire'!$D$2:$D$31<=45)) | E13: =IF(AND(D13>=B13,D13<=C13),"OK","CHECK")
A14: Prone: every prone shot fits a band above | B14: 24 | C14: 24 | D14: =D9+D10+D11+D12+D13 | E14: =IF(AND(D14>=B14,D14<=C14),"OK","CHECK")
A15: Table 1A: 20-24mm + 25-34mm at 35.01-40 yd | B15: 6 | C15: 6 | D15: =D10+D12 | E15: =IF(AND(D15>=B15,D15<=C15),"OK","CHECK")
A16: Unsupported standing: 35-45mm at 8-35 yd | B16: 1 | C16: 1 | D16: =SUMPRODUCT(('Course of fire'!$C$2:$C$31="Unsupported standing")*('Course of fire'!$F$2:$F$31>=35)*('Course of fire'!$F$2:$F$31<=45)*('Course of fire'!$D$2:$D$31>=8)*('Course of fire'!$D$2:$D$31<=35)) | E16: =IF(AND(D16>=B16,D16<=C16),"OK","CHECK")
A17: Unsupported kneeling: 35-45mm at 8-35 yd | B17: 1 | C17: 1 | D17: =SUMPRODUCT(('Course of fire'!$C$2:$C$31="Unsupported kneeling")*('Course of fire'!$F$2:$F$31>=35)*('Course of fire'!$F$2:$F$31<=45)*('Course of fire'!$D$2:$D$31>=8)*('Course of fire'!$D$2:$D$31<=35)) | E17: =IF(AND(D17>=B17,D17<=C17),"OK","CHECK")
A18: Supported standing: valid targets | B18: 2 | C18: 2 | D18: =SUMPRODUCT(('Course of fire'!$C$2:$C$31="Supported standing")*((('Course of fire'!$F$2:$F$31>=25)*('Course of fire'!$F$2:$F$31<=34)*('Course of fire'!$D$2:$D$31>=8)*('Course of fire'!$D$2:$D$31<=30))+(('Course of fire'!$F$2:$F$31>=35)*('Course of fire'!$F$2:$F$31<=45)*('Course of fire'!$D$2:$D$31>=8)*('Course of fire'!$D$2:$D$31<=35)))) | E18: =IF(AND(D18>=B18,D18<=C18),"OK","CHECK")
A19: Supported kneeling: 25-34mm at 8-30 yd | B19: 1 | C19: 1 | D19: =SUMPRODUCT(('Course of fire'!$C$2:$C$31="Supported kneeling")*('Course of fire'!$F$2:$F$31>=25)*('Course of fire'!$F$2:$F$31<=34)*('Course of fire'!$D$2:$D$31>=8)*('Course of fire'!$D$2:$D$31<=30)) | E19: =IF(AND(D19>=B19,D19<=C19),"OK","CHECK")
A20: Supported kneeling: 35-45mm at 8-35 yd | B20: 1 | C20: 1 | D20: =SUMPRODUCT(('Course of fire'!$C$2:$C$31="Supported kneeling")*('Course of fire'!$F$2:$F$31>=35)*('Course of fire'!$F$2:$F$31<=45)*('Course of fire'!$D$2:$D$31>=8)*('Course of fire'!$D$2:$D$31<=35)) | E20: =IF(AND(D20>=B20,D20<=C20),"OK","CHECK")
A22: Prone band counts use Table 1/1A (Option 1: 2 x 20-24mm + 4 far 25-34mm, or Option 2: 3 + 3). Supported kneeling uses Table 3 Option 2.
